item,qty,spec,supplier,unit_cost_usd,make_buy,notes
1 Base frame,1,"25 x 25 x 1.5 mm mild steel square tube, 16.4 m (model, GVS-DWG-101), welded; 900 x 600 x 700 mm with lower rails, gearbox, spindle and tub members, drop posts, end post, a 995 mm tank post (cradle at 1.7 m) and two 717 mm braces to the top side rails; two 150 x 130 x 6 mm bearing plates; 250 x 250 x 5 mm tank cradle with gussets; primer and paint",Local steel stockist and welder,47.00,make,"Indicative: about 16.5 m of tube at about $1.80/m, about 5 kg of plate, welding consumables and paint; constructable layout per GVS-DDR-003 (was 11.75 m, $32); 1.7 m braced tank post per GVS-DEC-001 2026-10-02 adds 1.9 m of tube and its welding, $4 (was $43)"
2 Feed hopper with screen,1,"Sheet steel cone 140 to 340 mm, 220 mm tall, 2 mm punched stainless screen 360 mm in a flat bar rim, 44 x 6 mm feed pipe ending 15 mm above the lid; support post, arm and 6 mm ring on the front top rail (GVS-DWG-109, 110)",Local metal shop,24.00,make,Indicative; support added per GVS-DDR-003 (was $18)
3 Centrifugal bowl with riffle rings,1,"220 mm lip, 130 mm base, 180 mm deep (liner surface); four riffle rings 6 mm thick, 12 mm deep; about 89 fluidization holes of 1.0 mm; 8 mm cast polyurethane liner Shore 80 to 90A cast in the shell on a printed core in six segments; four cast-in M6 stainless nuts; 4 mm hand-laid GFRP shell on a printed plug (GVS-DWG-104, 105)",Chemical or resin supplier (PU and GFRP); local 3D printing service for the mold,46.00,make,Indicative: PU about 1.2 kg and GFRP about 1 kg of glass and resin plus about 1 kg of plug and core filament (was $45)
4 Fluidization jacket and rotary union,1,"4 mm GFRP jacket, 12 mm gap, with a bonded closing ring; 25 mm bore shaft flange hub, 80 mm flange, pinned; four M6 bolts with 12 mm spacer bushes; 1/2 in single-passage water rotary union at the spindle foot; 8 to 15 L/min (GVS-DWG-106)",Industrial or hydraulic fittings supplier (union); resin supplier (jacket),55.00,buy,"Indicative; union seal drag assumed 0.10 N m (GVS-CAL-001) until a datasheet is chosen; hub, bolts and spacers added per GVS-DDR-003 (was $45)"
5 Spindle bearings and pulley,1,"25 x 2 mm stainless 316 tube 372 mm (water passes up the bore) with a 1/2 in BSP stainless nipple welded in its foot, two UCF205 flanged insert bearing units with set screws, 100 mm A-section pulley with taper bush (GVS-DWG-103)",Bearing and power transmission shop,35.00,buy,"Indicative price; no lathe work: set-screw inserts, taper bush and a welded nipple (GVS-DDR-003)"
6 Splash tub and tailings launder,1,"Cut HDPE drum about 430 mm diameter, 6 mm wall, 320 mm tall; 63 mm standpipe through a rubber pipe grommet in the floor; 75 mm tailings pipe through a rubber pipe grommet in the back wall, hose on to the settling pond (GVS-DWG-107)",Local market (used drum),26.00,make,"Indicative; standpipe, grommets and pipe added per GVS-DDR-003 (was $12)"
7 Bowl lid guard,1,"10 mm HDPE disc 446 mm diameter, 60 mm feed hole, two toolless over-centre clamps on the tub wall, one with a hole for the interlock pin (GVS-DWG-108)",Plastics supplier; hardware store (clamps),10.00,make,Indicative price
8 Pedal station,1,"Used bicycle bottom bracket shell, axle, crank, 48T chainring, pedals, seat and seat post; welded outrigger in 25 x 25 x 1.5 mm tube (2.1 m) with a 32 x 2 mm round seat tube and two 6 mm end plates, bolted to the frame end (GVS-DWG-102)",Bicycle repair shop (used parts),28.00,buy,Indicative; outrigger detailed per GVS-DDR-003 (was $25)
9 Jackshaft gearbox chains and pulleys,1,"20 mm shaft on two bearings, 12T freewheel, 1:1 right-angle bevel gearbox, 300 mm drive pulley, motor sprocket (ratio set per motor, GVS-CAL-001), 140 mm table take-off pulley, two chains",Power transmission shop; used agricultural or garden machine for the gearbox,60.00,buy,Indicative; gearbox source open; a quarter-turn belt could replace the gearbox (cost-down option in docs/REVIEW.md)
10 Drive belts,2,"A-section V-belts: bowl belt as a link V-belt (fixed pulley centres, length set by its links); table belt slack until the tensioner is set",Power transmission shop,5.00,buy,Indicative price
11 Belt and chain guards,1,"1.2 mm perforated steel sheet: bowl belt guard on four hangers, pedal chain case, table belt guard (GVS-DWG-111, 112, 119)",Local metal shop,22.00,make,Indicative; table belt guard added per GVS-DDR-003 (safety note of 2026-09-26; was $15)
12 MotionCore kit and reference hub motor,1,"MotionCore kit (module, e-stop, brake inputs, speed sensor) and reference 250 W geared hub motor with a sprocket on its disc mount; 20 to 58 V pack",MotionCore project,0.00,make,NOT INCLUDED in the GravitySort total: $265 kit plus $70 motor = $335 per MTC-CAL-001; battery not included
13 Water header tank valve and flow meter,1,"60 L HDPE drum on the frame's tank cradle with a ratchet strap, 3/4 in ball valve, 2 to 20 L/min rotameter on a bracket on the back top rail, 3/4 in hose down the back to the rotary union; tee, valve and hose to the table wash pipe",Local market and irrigation supplier,41.00,buy,Indicative; rotameter bracket and wash water branch added per GVS-DDR-003 (was $35)
14 Shaking table deck,1,"1000 x 450 mm, 18 mm marine plywood faced with 3 mm HDPE, nine tapered riffles, feed box, pitman cheeks; 40 mm PVC wash water pipe drilled along the back edge (GVS-DWG-114)",Timber yard and plastics supplier,34.00,make,Indicative; wash pipe added per GVS-DDR-003 (was $30)
15 Table stand and head motion,1,"Table base in 25 x 25 x 1.5 mm tube (2.4 m); four 18 mm marine plywood flexure legs with eight 40 x 40 x 4 mm angle cleats; 6 mm head plate and shelf bolted to the frame end; two 20 mm pillow blocks, 20 mm head shaft, eccentric disc (15 mm stroke) and 125 mm pulley; pitman arm with a bronze bush; belt tensioner (60 mm idler on an arm with a latch) (GVS-DWG-115, 116, 117, 119)",Local metal shop,52.00,make,"Indicative; head bolted to the frame instead of a separate post, tensioner detailed per GVS-DDR-003 (was $28)"
16 Concentrate launder and lockable tray,1,"Sheet steel tailings launder under the deck's front edge on two legs; lockable concentrate box under the deck's far end on four legs, hinged lid and padlock hasp (GVS-DWG-118)",Local metal shop,14.00,make,Indicative; box moved under the gold end of the riffles per GVS-DDR-003 (was $12)
17 Hardware hoses and sealant,1,"Fasteners (M6, M8, M10 bolts and nylock nuts, about 60), hose clamps, ratchet strap, sealant, O-ring, paint",Hardware store,22.00,buy,Indicative price; more fixings in the constructable design (was $15); partly modelled
18 Bowl brake and lid interlock,1,"160 mm bicycle disc rotor on a 6 mm flange welded to a 25 mm bore shaft collar on the spindle, mechanical disc caliper on a 6 mm L bracket on the spindle member, lever with parking latch on the end top rail and cable; lid interlock pin on the same cable (GVS-DWG-113)",Bicycle repair shop; local metal shop (bracket and flange),18.00,buy,Indicative price
19 Bowl speed display,1,"Wired bicycle computer on the end top rail facing the rider, sensor under the belt guard, magnet on the spindle pulley, wheel size set to 1667 mm so the display reads bowl rpm divided by 10",Bicycle shop,10.00,buy,Indicative price
20 Motor cradle and motor chain guard (motor option),1,"6 mm base plate 130 x 117 mm bolted on the back lower rail, two 6 mm dropouts with open axle slots; sheet chain guard on two spacers (GVS-DWG-120)",Local metal shop,8.00,make,Only with the MotionCore option; counted in the GravitySort total because it is specific to this machine (GVS-DDR-003)
21 Table bump stop bracket and striker,1,"Stop bracket: 25 x 25 x 1.5 mm tube arm 244 long on a 40 x 66 x 6 mm foot plate (two M8 down through the frame's table-end top rail) with a 40 x 61 x 6 mm upright, 9 mm hole for the stud; striker: 6 mm steel angle 40 wide (40 and 70 mm legs) screwed under the deck's head end at its back edge; primer and paint (GVS-DWG-121)",Local metal shop,6.00,make,Indicative; asymmetric table stroke per GVS-DDR-003 A2 (accepted by Amish 2026-10-01)
22 Table bump stop buffer and fixings,1,"Cylindrical rubber-metal buffer 40 mm diameter, 30 mm tall, natural rubber about 55 Shore A, M8 female thread, rated 600 N or more in compression; M8 stainless threaded rod 45 long; three M8 nuts (two lock the stud on the upright, one locks the buffer); two M8 bolts for the foot; two M6 bolts with large washers for the striker",Industrial rubber or hardware supplier,5.00,buy,Indicative price; buffer sized in GVS-CAL-001 section 9
23 Flush container with padlock hasp,1,"10 L HDPE pail with a push-on lid, about 250 mm across and 280 mm tall; steel hasp and staple about 36 x 100 mm, the staple riveted to the pail wall and the hasp strap riveted to the lid, each with four rivets and backing washers inside; padlocks supplied by the partner (two for the two-person rule)",Local market (pail); hardware store (hasp and rivets),7.00,buy,"Indicative: pail and lid about $4, hasp, staple and rivets about $3; concentrate security per GVS-DEC-001 (Amish, 2026-10-02); loose item, travels with load 6"
